Cód. Institución,Nombre Institución,Año Creación,Tradicional,NombreRector,Direccion,Comuna Casa Central,Region Casa Central,Dirección Web,Años,Acred. Inst. 30 octubre 2020,Gestión Institucional,Docencia de Pregrado,Investigación,Vinculación con el Medio,Docencia de Postgrado,Vigencia Desde,Vigencia Hasta,Proceso
1001,U. DE CHILE,1842,Universidades CRUCH,Ennio Vivaldi Véjar,Alameda N 1058, Of. 112,Santiago,Región Metropolitana,www.uchile.cl,7,ACREDITADA,Si,Si,Si,Si,Si,22/12/2018,22/12/2025,Autonoma
1002,PONTIFICIA U. CATÓLICA DE CHILE,1888,Universidades CRUCH,Ignacio Sánchez Díaz,Av. Libertador Bdo. O`higgins Nº 340,Santiago,Región Metropolitana,www.puc.cl,7,ACREDITADA,Si,Si,Si,Si,Si,01/12/2018,01/12/2025,Autonoma
1003,U. DE CONCEPCIÓN,1919,Universidades CRUCH,Carlos Saavedra Rubilar,Víctor Lamas Nº 1290,Concepción,Región del Bío-Bío,www.udec.cl,7,ACREDITADA,Si,Si,Si,Si,Si,11/11/2016,11/11/2023,Autonoma
1004,PONTIFICIA U. CATÓLICA DE VALPARAÍSO,1928,Universidades CRUCH,Claudio Elórtegui Raffo,Av. Brasil N 2950,Valparaíso,Región de Valparaíso,www.pucv.cl,6,ACREDITADA,Si,Si,Si,Si,Si,26/11/2015,26/11/2021,Autonoma
1005,U. TÉCNICA FEDERICO SANTA MARÍA,1931,Universidades CRUCH,Darcy Fuenzalida O'Shee,Av. España N° 1680,Valparaíso,Región de Valparaíso,www.usm.cl,6,ACREDITADA,Si,Si,Si,Si,Si,29/12/2016,29/12/2022,Autonoma
1006,U. DE SANTIAGO DE CHILE,1849,Universidades CRUCH,Juan Manuel Zolezzi Cid,Avenida Libertador Bernardo O'Higgins N 3363,Estación Central,Región Metropolitana,www.usach.cl,6,ACREDITADA,Si,Si,Si,Si,Si,02/10/2014,02/10/2020,Autonoma
1007,U. AUSTRAL DE CHILE,1954,Universidades CRUCH,Óscar Galindo Villarroel,Independencia N 641,Valdivia,Región de los Ríos,www.uach.cl,6,ACREDITADA,Si,Si,Si,Si,Si,12/11/2015,12/11/2021,Autonoma
1008,U. CATÓLICA DEL NORTE,1956,Universidades CRUCH,Jorge Tabilo Álvarez,Av. Angamos N° 0610,Antofagasta,Región de Antofagasta,www.ucn.cl,6,ACREDITADA,Si,Si,Si,Si,Si,25/11/2016,25/11/2022,Autonoma
1009,U. DE LA SERENA,1981,Universidades CRUCH,Nibaldo Avilés Pizarro,Benavente 980,La Serena,Región de Coquimbo,www.userena.cl,4,ACREDITADA,Si,Si,Si,Si,No,20/12/2016,20/12/2020,Autonoma
1010,U. DE ATACAMA,1981,Universidades CRUCH,Dr. Celso Arias Mora,Avenida Copayapu  N°485,Copiapó,Región de Atacama,www.uda.cl,3,ACREDITADA,Si,Si,Si,Si,No,17/12/2017,17/12/2020,Autonoma
1011,U. DE VALPARAÍSO,1981,Universidades CRUCH,Aldo Valle Acevedo,Errázuriz  1834,Valparaíso,Región de Valparaíso,www.uv.cl,5,ACREDITADA,Si,Si,Si,Si,Si,25/10/2017,25/10/2022,Autonoma
1012,U. DE ANTOFAGASTA,1981,Universidades CRUCH,Luis Alberto Loyola Morales,Av. Angamos 601,Antofagasta,Región de Antofagasta,www.uantof.cl,5,ACREDITADA,Si,Si,Si,Si,No,15/08/2017,15/08/2022,Autonoma
1013,U. DE LA FRONTERA,1981,Universidades CRUCH,Eduardo Hebel Weiss,Avenida  Francisco Salazar  01145,Temuco,Región de La Araucanía,www.ufro.cl,6,ACREDITADA,Si,Si,Si,Si,Si,28/11/2018,28/11/2024,Autonoma
1014,U. DE MAGALLANES,1981,Universidades CRUCH,Juan Oyarzo Perez,Av.Bulnes 01855,Punta Arenas,Región de Magallanes,www.umag.cl,4,ACREDITADA,Si,Si,Si,Si,No,30/12/2019,30/12/2023,Autonoma
1015,U. DE TALCA,1981,Universidades CRUCH,Alvaro Rojas Marín,1 Poniente N°1141,Talca,Región del Maule,www.utalca.cl,6,ACREDITADA,Si,Si,Si,Si,Si,27/11/2019,27/11/2025,Autonoma
1016,U. GABRIELA MISTRAL,1982,Universidades Privadas,Sergio Mena Jara,Av. Ricardo Lyon 1177,Providencia,Región Metropolitana,www.ugm.cl,NO ACREDITADA ,Autonoma
1017,U. DIEGO PORTALES,1982,Universidades CRUCH,Carlos Peña González,Manuel Rodríguez Sur Nº 415,Santiago,Región Metropolitana,www.udp.cl,5,ACREDITADA,Si,Si,Si,Si,Si,24/10/2018,24/10/2023,Autonoma
1018,U. CENTRAL DE CHILE,1982,Universidades Privadas,Santiago González Larraín,Toesca 1783,Santiago,Región Metropolitana,www.ucentral.cl,4,ACREDITADA,Si,Si,No,Si,No,21/12/2017,21/12/2021,Autonoma
1019,U. DE TARAPACÁ,1982,Universidades CRUCH,EMILIO RODRIGUEZ PONCE,General Velásquez # 1775,Arica,Región de Arica y Parinacota,www.uta.cl,5,ACREDITADA,Si,Si,Si,Si,No,22/11/2017,22/11/2022,Autonoma
1020,U. ARTURO PRAT,1984,Universidades CRUCH,Gustavo Soto Bringas,Avenida Arturo Prat Nro 2120,Iquique,Región de Tarapacá,www.unap.cl,4,ACREDITADA,Si,Si,No,Si,No,21/12/2017,21/12/2021,Autonoma
1021,U. METROPOLITANA DE CIENCIAS DE LA EDUCACIÓN,1985,Universidades CRUCH,Jaime Espinosa Araya,Av. Jose Pedro Alessandri N 774,Ñuñoa,Región Metropolitana,www.umce.cl,3,ACREDITADA,Si,Si,No,Si,No,30/12/2019,30/12/2022,Autonoma
1022,U. DE PLAYA ANCHA DE CIENCIAS DE LA EDUCACIÓN,1985,Universidades CRUCH,Patricio Sanhueza Vivanco,Av. Playa Ancha 850,Valparaíso,Región de Valparaíso,www.upla.cl,5,ACREDITADA,Si,Si,No,Si,No,27/09/2016,27/09/2021,Autonoma
1023,U. FINIS TERRAE,1988,Universidades Privadas,Cristian Nazer Astorga,Pedro de Valdivia 1509,Providencia,Región Metropolitana,www.uft.cl,4,ACREDITADA,Si,Si,No,Si,No,19/11/2019,19/11/2023,Autonoma
1024,U. LA REPÚBLICA,1988,Universidades Privadas,Alfredo Romero Licuime,Agustinas 1889,Santiago,Región Metropolitana,www.ularepublica.cl,,NO ACREDITADA,,,,,,,,Autonoma
1025,U. MAYOR,1988,Universidades Privadas,Rubén Covarrubias Giordano,San Pío X 2422,Providencia,Región Metropolitana,www.umayor.cl,5,ACREDITADA,Si,Si,No,Si,No,20/05/2015,20/05/2020,Autonoma
1026,U. ACADEMIA DE HUMANISMO CRISTIANO,1988,Universidades Privadas,Álvaro Ramis Olivos,Ricardo Matte Pérez, 0251,Providencia,Región Metropolitana,www.academia.cl,4,ACREDITADA,Si,Si,No,Si,No,20/12/2017,20/12/2021,Autonoma
1027,U. BOLIVARIANA,1988,Universidades Privadas,HORACIO RIOS DOMIC,Huérfanos 1721,Santiago,Región Metropolitana,www.ubolivariana.cl,,NO ACREDITADA,,,,,,,,Autonoma
1028,U. DEL BÍO-BÍO,1988,Universidades CRUCH,Mauricio Cataldo Monsalves,Av. Collao Nº 1202,Concepción,Región del Bío-Bío,www.ubiobio.cl,5,ACREDITADA,Si,Si,Si,Si,Si,28/08/2019,28/08/2024,Autonoma
1029,U. DE LAS AMÉRICAS,1989,Universidades Privadas,María Pilar Armanet Armanet,Av. Manuel Montt N° 948,Providencia,Región Metropolitana,www.uamericas.cl,4,ACREDITADA,Si,Si,No,No,No,17/03/2019,17/03/2023,Autonoma
1030,U. ADOLFO IBÁÑEZ,1988,Universidades Privadas,Harlad Beyer,Avenida Diagonal Las Torres 2640,Peñalolén,Región Metropolitana,www.uai.cl,5,ACREDITADA,Si,Si,Si,Si,Si,18/11/2015,18/11/2020,Autonoma
1031,U. ANDRÉS BELLO,1989,Universidades Privadas,Julio Castro Sepúlveda,Av. República N° 237,Santiago,Región Metropolitana,www.unab.cl,5,ACREDITADA,Si,Si,Si,Si,No,24/12/2017,24/12/2022,Autonoma
1032,U. DE ARTE Y CIENCIAS SOCIALES ARCIS,1989,Universidades Privadas,Elisa María Isabel Neumann García,Libertad N° 53,Santiago,Región Metropolitana,www.uarcis.cl,,NO ACREDITADA,,,,,,,,Proceso Cierre
1033,U. ADVENTISTA DE CHILE,1990,Universidades Privadas,Mauricio Segundo Comte Donoso,Campus Las Mariposas Km. 12 Chillán,Chillán,Región de Ñuble,www.unach.cl,4,ACREDITADA,Si,Si,No,Si,No,14/01/2019,14/01/2023,Autonoma
1034,U. DEL DESARROLLO,1990,Universidades Privadas,Federico Valdés Lafontaine,Ainavillo # 456,Concepción,Región del Bío-Bío,www.udd.cl,5,ACREDITADA,Si,Si,Si,Si,No,15/12/2016,15/12/2021,Autonoma
1035,U. SAN SEBASTIÁN,1989,Universidades Privadas,Carlos Williamson Benaprés,Bellavista 7,Recoleta,Región Metropolitana,www.uss.cl,5,ACREDITADA,Si,Si,No,Si,No,13/09/2016,13/09/2021,Autonoma
1037,U. AUTÓNOMA DE CHILE,1990,Universidades Privadas,Teodoro Ribera Neumann,Av. Alemania 01090,Temuco,Región de La Araucanía,www.uautonoma.cl,4,ACREDITADA,Si,Si,Si,Si,No,29/10/2019,29/10/2023,Autonoma
1038,U. DE ACONCAGUA,1989,Universidades Privadas,BERNARDINO SANCHEZ VERA,Antonio Bellet 444, oficina 1401,Providencia,Región Metropolitana,www.uac.cl,,NO ACREDITADA,,,,,,,,Autonoma
1040,U. DE LOS ANDES,1990,Universidades CRUCH,José Antonio Guzmán Cruzat,Monseñor Alvaro del Portillo 12455, Las Condes,Las Condes,Región Metropolitana,www.uandes.cl,5,ACREDITADA,Si,Si,Si,Si,Si,13/12/2017,13/12/2022,Autonoma
1041,U. DEL PACÍFICO,1990,Universidades Privadas,Georg Spee Gaona,Av. Las Condes 11121,Las Condes,Región Metropolitana,www.upacifico.cl,,NO ACREDITADA,,,,,,,,Proceso Cierre
1042,U. BERNARDO O`HIGGINS,1990,Universidades Privadas,Claudio Ruff Escobar,Av. Viel N 1497,Santiago,Región Metropolitana,www.ubo.cl,4,ACREDITADA,Si,Si,No,Si,No,23/07/2018,23/07/2022,Autonoma
1043,U. CATÓLICA CARDENAL RAÚL SILVA HENRÍQUEZ,1992,Universidades Privadas,Galvarino Jofré Araya,General Jofre, 462,Santiago,Región Metropolitana,www.ucsh.cl,4,ACREDITADA,Si,Si,No,No,No,29/11/2016,29/11/2020,Autonoma
1044,U. DE VIÑA DEL MAR,1990,Universidades Privadas,Carlos Isaac Palyi,Avenida Agua Santa 7055 - Rodelillo,Viña del Mar,Región de Valparaíso,www.uvm.cl,3,ACREDITADA,Si,Si,No,No,No,09/12/2019,09/12/2022,Autonoma
1045,U. PEDRO DE VALDIVIA,1989,Universidades Privadas,Rafael Rosell Aiquel,Vicuña Mackenna 44,Providencia,Región Metropolitana,www.upv.cl,,NO ACREDITADA,,,,,,,,Autonoma
1046,U. SANTO TOMÁS,1990,Universidades Privadas,María Olivia Recart Herrera,Av. Ejército Nº 146, Santiago,Santiago,Región Metropolitana,www.ust.cl,3,ACREDITADA,Si,Si,No,No,No,09/12/2017,09/12/2020,Autonoma
1047,U. SEK,1990,Universidades Privadas,EVA FLANDES AGUILERA,Fernando Manterola 0789,Providencia,Región Metropolitana,www.usek.cl,,NO ACREDITADA,,,,,,,,Autonoma
1048,U. DE ARTES, CIENCIAS Y COMUNICACIÓN UNIACC,1991,Universidades Privadas,Fernando de la Jara Goyeneche,Av. Salvador N 1200,Providencia,Región Metropolitana,www.uniacc.cl,3,ACREDITADA,Si,Si,No,No,No,08/01/2020,08/01/2023,Autonoma
1049,U. CATÓLICA DEL MAULE,1991,Universidades CRUCH,Diego Pablo Durán Jara,Av. San Miguel número 3605,Talca,Región del Maule,www.ucm.cl,5,ACREDITADA,Si,Si,No,Si,No,24/06/2015,24/06/2020,Autonoma
1050,U. CATÓLICA DE LA SANTÍSIMA CONCEPCIÓN,1991,Universidades CRUCH,Christian Schmitz Vaccaro,Alonso de Ribera 2850, Concepcion,Concepción,Región del Bío-Bío,www.ucsc.cl,4,ACREDITADA,Si,Si,No,Si,No,15/11/2016,15/11/2020,Autonoma
1051,U. TECNOLÓGICA DE CHILE INACAP,1992,Universidades Privadas,Luis Eduardo Prieto Fernández de Castro,Av. Vitacura 10.151,Vitacura,Región Metropolitana,www.utecnologica.cl,3,ACREDITADA,Si,Si,No,Si,No,27/11/2018,27/11/2021,Autonoma
1052,U. CATÓLICA DE TEMUCO,1959,Universidades CRUCH,Dr. Aliro Bórquez Ramírez,Rudecindo Ortega 03694,Temuco,Región de La Araucanía,www.uctemuco.cl,5,ACREDITADA,Si,Si,Si,Si,No,16/07/2019,16/07/2024,Autonoma
1054,U. TECNOLÓGICA METROPOLITANA,1993,Universidades CRUCH,Luis Pinto Faverio,Dieciocho N° 161,Santiago,Región Metropolitana,www.utem.cl,4,ACREDITADA,Si,Si,No,Si,No,30/12/2016,30/12/2020,Autonoma
1055,U. DE LOS LAGOS,1993,Universidades CRUCH,Oscar Garrido Álvarez,Lord Cochrane 1046,Osorno,Región de Los Lagos,www.ulagos.cl,4,ACREDITADA,Si,Si,No,Si,No,12/12/2016,12/12/2020,Autonoma
1056,U. IBEROAMERICANA DE CIENCIAS Y TECNOLOGÍA,1991,Universidades Privadas,Administrador de Cierre,Padre Miguel de Olivares 1620 esquina Dieciocho,Santiago,Región Metropolitana,http://www.uibero.cl/,,NO ACREDITADA,,,,,,,,Proceso Cierre
1057,U. ALBERTO HURTADO,1997,Universidades CRUCH,Eduardo Silva S.J.,Almirante Barroso 10,Santiago,Región Metropolitana,www.uahurtado.cl,4,ACREDITADA,Si,Si,Si,Si,Si,18/12/2019,18/12/2023,Autonoma
1058,U. MIGUEL DE CERVANTES,1997,Universidades Privadas,Gutenberg Martinez Ocamica,Mac-Iver N 370,Santiago,Región Metropolitana,www.umcervantes.cl,s/i,ACREDITADA,Si,Si,No,No,No,s/i,s/i,Autonoma
1066,U. CHILENO-BRITÁNICA DE  CULTURA,2006,Universidades Privadas,María Cristina Brieba,Santa Lucía 124,Santiago,Región Metropolitana,www.ubritanica.cl,,NO ACREDITADA,,,,,,,,Proceso Cierre
1067,U. LOS LEONES,1990,Universidades Privadas,Fernando Jaime Vicencio Silva,Zenteno 234,Santiago,Región Metropolitana,www.uleones.com,,NO ACREDITADA,,,,,,,,Autonoma
1069,U. DE AYSEN,2015,Universidades CRUCH,Natacha Pino Acuña,Obispo Vielmo 62, Coyhaique,Coyhaique,Región de Aysén,http://www.uaysen.cl/,,NO ACREDITADA,,,,,,,,Autonoma
1070,U. DE O`HIGGINS,2015,Universidades CRUCH,Rafael Correa,Avenida Bernardo O´Higgins 609 (ex 611) Rancagua,Rancagua,Región del Gral. B. O`Higgins,www.uoh.cl,,NO ACREDITADA,,,,,,,,Autonoma
2002,I.P. AGRARIO ADOLFO MATTHEI,1981,Institutos Profesionales,Sonia Andrea  Mora Sotomayor,AVENIDA RENE SORIANO 2615, OSORNO,Osorno,Región de Los Lagos,www.amatthei.cl,4,ACREDITADA,Si,Si,No,No,No,30/12/2019,30/12/2023,Autonoma
2003,I.P. INACAP,1981,Institutos Profesionales,Luis Eduardo Prieto Fernández de Castro,Av. Vitacura 10.151,Vitacura,Región Metropolitana,www.inacap.cl,6,ACREDITADA,Si,Si,No,No,No,11/12/2016,11/12/2022,Autonoma
2004,I.P. CS. DE LA COMPUTACIÓN ACUARIO DATA,1993,Institutos Profesionales,Patricio Santelices Escala,Condel 1438 Of. 306,Providencia,Región Metropolitana,www.ipcc.cl,,NO ACREDITADA,,,,,,,,Licenciamiento
2005,I.P. ESC. DE CONTADORES AUDITORES DE STGO.,1982,Institutos Profesionales,Rodrigo Cerón Prandi,Providencia 2640 Tercer Piso,Santiago,Región Metropolitana,www.ecas.cl,4,ACREDITADA,Si,Si,No,No,No,28/08/2019,28/08/2023,Autonoma
2006,I.P. DE ARTES Y COMUNICACIÓN ARCOS,1982,Institutos Profesionales,José Sanfuentes Palma,Avda. Grecia nº 8991,Peñalolén,Región Metropolitana,www.arcos.cl,4,ACREDITADA,Si,Si,No,No,No,02/12/2016,02/12/2020,Autonoma
2007,I.P. GUILLERMO SUBERCASEAUX,1982,Institutos Profesionales,Lucía Pardo Vásquez,Agustinas N 1476, Piso 10,Santiago,Región Metropolitana,www.isubercaseaux.cl,5,ACREDITADA,Si,Si,No,No,No,17/12/2017,17/12/2022,Autonoma
2008,I.P. LIBERTADOR DE LOS ANDES,1982,Institutos Profesionales,José Eduardo Alberto Lazcano Lemus,OHiggins N 197,Los Andes,Región de Valparaíso,www.ipla.cl,,NO ACREDITADA,,,,,,,,Autonoma
2010,I.P. CHILENO BRITÁNICO,1983,Institutos Profesionales,Jaime Correa,Santa Lucía 202,Santiago,Región Metropolitana,youtu.be/oHg5SJYRHA0,,NO ACREDITADA,,,,,,,,Licenciamiento
2011,I.P. PROVIDENCIA,1983,Institutos Profesionales,Rodrigo Angulo Gómez-Marañón,Avenida Vicuña Mackenna 380,Providencia,Región Metropolitana,www.ipp.cl,,NO ACREDITADA,,,,,,,,Autonoma
2012,I.P. DUOC UC,1983,Institutos Profesionales,Bernardo Domínguez Covarrubias,Eliodoro Yáñez 1595,Providencia,Región Metropolitana,www.duoc.cl,7,ACREDITADA,Si,Si,No,Si,No,26/08/2017,26/08/2024,Autonoma
2013,I.P. IPEGE,1984,Institutos Profesionales,RICARDO SOBARZO ZAMBRANO,Fidel Oteiza #1975 Providencia, Santiago.,Providencia,Región Metropolitana,www.ipg.cl,3,ACREDITADA,Si,Si,No,No,No,25/08/2018,25/08/2021,Autonoma
2014,I.P. ESCUELA MODERNA DE MÚSICA,1989,Institutos Profesionales,Vivien Wurman Schapiro,Avenida Luis Pasteur 5303,Vitacura,Región Metropolitana,www.emoderna.cl,4,ACREDITADA,Si,Si,No,No,No,20/12/2016,20/12/2020,Autonoma
2015,I.P. IACC,1988,Institutos Profesionales,RAYMOND ROSAL,Avda. El Salvador N° 1318,Providencia,Región Metropolitana,www.iacc.cl,2,ACREDITADA,Si,Si,No,No,No,09/10/2019,09/10/2021,Autonoma
2016,I.P. SANTO TOMÁS,1988,Institutos Profesionales,Juan Pablo Guzman Aldunate,Vicuña Mackenna #4835,San Joaquín,Región Metropolitana,www.santotomas.cl,3,ACREDITADA,Si,Si,No,No,No,26/11/2017,26/11/2020,Autonoma
2018,I.P. DIEGO PORTALES,1988,Institutos Profesionales,Luis Beltrán Troncoso,Maipú Número 301,Concepción,Región del Bío-Bío,www.dportales.cl,,NO ACREDITADA,,,,,,,,Autonoma
2019,I.P. DEL VALLE CENTRAL,1988,Institutos Profesionales,Héctor Valencia Bringas,Barros Arana, 160,Concepción,Región del Bío-Bío,www.vallecentral.cl,,NO ACREDITADA,,,,,,,,Autonoma
2020,I.P. VIRGINIO GÓMEZ,1989,Institutos Profesionales,René Lagos Cuitiño,avenida Arturo Prat N° 196,Concepción,Región del Bío-Bío,www.virginiogomez.cl,3,ACREDITADA,Si,Si,No,No,No,18/12/2017,18/12/2020,Autonoma
2022,I.P. DE CIENCIAS Y ARTES INCA-CEA,1989,Institutos Profesionales,PILAR RIBERA NEUMANN,AVDA. PEDRO DE VALDIVIA 641,  PROVIDENCIA,Providencia,Región Metropolitana,www.incacea.cl,,NO ACREDITADA,,,,,,,,Proceso Cierre
2024,I.P. CIISA,1990,Institutos Profesionales,Luis Arturo Fuentes Espinosa,Av. República 20,Santiago,Región Metropolitana,www.ciisa.cl,3,ACREDITADA,Si,Si,No,No,No,30/12/2018,30/12/2021,Autonoma
2026,I.P. HOGAR CATEQUÍSTICO,1936,Institutos Profesionales,Miguel González Figari,Miguel Claro  337,Providencia,Región Metropolitana,www.icuc.cl,,NO ACREDITADA,,,,,,,,Proceso Cierre
2027,I.P. LOS LEONES,1990,Institutos Profesionales,Alberto Vásquez,Arturo Prat N 285,Santiago,Región Metropolitana,www.ipleones.cl,3,ACREDITADA,Si,Si,No,No,No,22/04/2020,22/04/2023,Autonoma
2028,I.P. DE LOS LAGOS,1990,Institutos Profesionales,Fernando Devaud Ojeda,Patricio Lynch 1346,Osorno,Región de Los Lagos,www.iploslagos.cl,,NO ACREDITADA,,,,,,,,Autonoma
2029,I.P. AIEP,1990,Institutos Profesionales,Fernando Andrés Martinez Santana,Av. Providencia No. 727,Providencia,Región Metropolitana,www.aiep.cl,5,ACREDITADA,Si,Si,No,No,No,22/10/2017,22/10/2022,Autonoma
2030,I.P. EATRI,1991,Institutos Profesionales,Sergio Thiers Silva,Avenida Condell N 451,Providencia,Región Metropolitana,www.eatri.cl,2,ACREDITADA,Si,Si,No,No,No,28/08/2019,28/08/2021,Autonoma
2031,I.P. CARLOS CASANUEVA,1993,Institutos Profesionales,Carlos Covarrubias Arancibia,Londres 46,Santiago,Región Metropolitana,www.carloscasanueva.cl,,NO ACREDITADA,,,,,,,,Autonoma
2033,I.P. INSTITUTO NACIONAL DEL FÚTBOL,1997,Institutos Profesionales,Martín Mihovilovic Contreras,Avda. Quilín 5635-A,Peñalolén,Región Metropolitana,www.inaf.cl,6,ACREDITADA,Si,Si,No,No,No,02/10/2014,02/10/2020,Autonoma
2034,I.P. ESUCOMEX,1989,Institutos Profesionales,Giovani Pinedo Arellano,Ejercito Libertador 133,Santiago,Región Metropolitana,www.esucomex.cl,5,ACREDITADA,Si,Si,No,No,No,21/12/2018,21/12/2023,Autonoma
2035,I.P. ADVENTISTA,1982,Institutos Profesionales,Ricardo González Astudillo,Fundo Las Mariposas Km 12 camino a Tanilvoro,Chillán,Región de Ñuble,www.ipadventista.cl,,NO ACREDITADA,,,,,,,,Proceso Cierre
2037,I.P. DE CHILE,1989,Institutos Profesionales,Anamari Martínez Elortegui,Avenida Republica 285,Santiago,Región Metropolitana,www.ipchile.cl,2,ACREDITADA,Si,Si,No,No,No,13/03/2019,13/03/2021,Autonoma
2041,I.P. DE LOS ANGELES,1989,Institutos Profesionales,Juanita Odette Carrasco Fray,Los Carreras 512 - Los Ángeles,Los Ángeles,Región del Bío-Bío,www.iprola.cl,,NO ACREDITADA,,,,,,,,Licenciamiento
2044,I.P. CÁMARA DE COMERCIO DE SANTIAGO,1990,Institutos Profesionales,JUAN FERNANDO ORTEGA PACHECO,Av. Republica N° 190,Santiago,Región Metropolitana,www.escueladecomercio.cl,,NO ACREDITADA,,,,,,,,Autonoma
2045,I.P. HELEN KELLER,1989,Institutos Profesionales,Julia Calderón Bordalí,Av. Blanco  1099,Valparaíso,Región de Valparaíso,www.helenkeller.cl,,NO ACREDITADA,,,,,,,,Proceso Cierre
2046,I.P. LATINOAMERICANO DE COMERCIO EXTERIOR,1990,Institutos Profesionales,Gonzalo Tomarelli Rubio,Compañia 2015,Santiago,Región Metropolitana,www.iplacex.cl,3,ACREDITADA,Si,Si,No,No,No,13/12/2017,13/12/2020,Autonoma
2047,I.P. PROJAZZ,2007,Institutos Profesionales,George Abufhele Bus,Ramón Carnicer #27,Providencia,Región Metropolitana,www.projazz.cl,,NO ACREDITADA,,,,,,,,Autonoma
2049,I.P. INTERNACIONAL DE ARTES CULINARIAS Y SERVICIOS,2008,Institutos Profesionales,María Trinidad Riesco Eyzaguirre,Av. La Dehesa 2541,Lo Barnechea,Región Metropolitana,www.culinary.cl,2,ACREDITADA,Si,Si,No,No,No,09/01/2019,09/01/2021,Autonoma
2050,I.P. ESCUELA DE CINE DE CHILE,2009,Institutos Profesionales,Antonino Ballestrazzi Peñaloza,Lo encalada N° 405,Ñuñoa,Región Metropolitana,www.escuelacine.cl,,NO ACREDITADA,,,,,,,,Licenciamiento
2051,I.P. VERTICAL,2011,Institutos Profesionales,Sergio Araya Becerra,Avenida Ejercito Libertador 27, Santiago Centro,Santiago,Región Metropolitana,www.institutovertical.cl,,NO ACREDITADA,,,,,,,,Proceso Cierre
2052,I.P. ESCUELA DE MARINA MERCANTE PILOTO PARDO,2013,Institutos Profesionales,Carlos Beth Marcoleta,Levarte 66,Valparaíso,Región de Valparaíso,http://www.ippilotopardo.cl,,NO ACREDITADA,,,,,,,,Licenciamiento
2053,I.P. DE ARTES ESCENICAS KAREN CONNOLLY,2013,Institutos Profesionales,Karen Mavis Lewis - Connolly,Bombero Nuñez 127,Recoleta,Región Metropolitana,http://www.karenconnolly.cl,,NO ACREDITADA,,,,,,,,Licenciamiento
3002,C.F.T. CENTRO TECNOLÓGICO SUPERIOR INFOMED,1982,Centros de Formación Técnica,Isabel Pereira Venegas,Brown Norte 274,Ñuñoa,Región Metropolitana,www.infomed.cl,,NO ACREDITADA,,,,,,,,Autonoma
3005,C.F.T. ENAC,1990,Centros de Formación Técnica,JORGE MENENDEZ GALLEGOS,Alameda Libertador Bernardo O'Higgins 2182,Santiago,Región Metropolitana,www.enac.cl,6,ACREDITADA,Si,Si,No,No,No,25/10/2016,25/10/2022,Autonoma
3007,C.F.T. ANDRÉS BELLO,1982,Centros de Formación Técnica,Haroldo Fuentealba Espinoza,Las Heras Nº 538,Temuco,Región de La Araucanía,www.cftandresbello.cl,,NO ACREDITADA,,,,,,,,Proceso Cierre
3010,C.F.T. SANTO TOMÁS,1982,Centros de Formación Técnica,Juan Pablo Guzman Aldunate,Vergara N° 165, Santiago,Santiago,Región Metropolitana,www.santotomas.cl,5,ACREDITADA,Si,Si,No,No,No,20/12/2019,20/12/2024,Autonoma
3014,C.F.T. INACAP,1983,Centros de Formación Técnica,Luis Eduardo Prieto Fernández de Castro,Av. Vitacura 10.151,Vitacura,Región Metropolitana,www.inacap.cl,7,ACREDITADA,Si,Si,No,No,No,05/01/2018,05/01/2025,Autonoma
3018,C.F.T. ESTUDIO PROFESOR VALERO,1985,Centros de Formación Técnica,Sergio Valero Guzmán,Almirante Simpson  28,Providencia,Región Metropolitana,www.bailesvalero.cl,,NO ACREDITADA,,,,,,,,Supervisión
3020,C.F.T. IPROSEC,1986,Centros de Formación Técnica,Claudia Romero Fuentealba,Los Carrera 436,Osorno,Región de Los Lagos,www.cftiprosec.cl,2,ACREDITADA,Si,Si,No,No,No,11/07/2019,11/07/2021,Autonoma
3021,C.F.T. INST. SUPERIOR DE ESTUDIOS JURÍDICOS CANON,1986,Centros de Formación Técnica,Carlos Zavala Godoy,PASEO BULNES 79 OFICNA 37,Santiago,Región Metropolitana,www.cftcanon.cl,,NO ACREDITADA,,,,,,,,Autonoma
3024,C.F.T. EDUCAP,1990,Centros de Formación Técnica,Carlos Eaton Silva,Avenida Carlos Condell 260,Quillota,Región de Valparaíso,www.cfteducap.cl,,NO ACREDITADA,,,,,,,,Autonoma
3025,C.F.T. INSTITUTO TECNOLÓGICO DE CHILE,1990,Centros de Formación Técnica,Carlos Covarrubias Arancibia,Serrano  172, metro Universidad de Chile,Santiago,Región Metropolitana,www.itc.cl,,NO ACREDITADA,,,,,,,,Autonoma
3026,C.F.T. CÁMARA DE COMERCIO DE SANTIAGO,1995,Centros de Formación Técnica,JUAN FERNANDO PACHECO ORTEGA,Avda. Ejército Libertador 306,Santiago,Región Metropolitana,www.escueladecomercio.cl,3,ACREDITADA,Si,Si,No,No,No,02/03/2018,02/03/2021,Autonoma
3027,C.F.T. DE EST. SUP.Y CAPACITACIÓN PROFESIONAL LAPLACE,1995,Centros de Formación Técnica,ANDRES ALBERTO ROMERO MARCHANT,Av. Inmaculada Concepción Nº 0264, Colina, Santiago,Colina,Región Metropolitana,www.cftlaplace.cl,,NO ACREDITADA,,,,,,,,Autonoma
3030,C.F.T. CEDUC - UCN,1999,Centros de Formación Técnica,Carlos Alejandro Sainz López,Miraflores N 475 - Sector Porvenir,Coquimbo,Región de Coquimbo,www.ceduc.cl,5,ACREDITADA,Si,Si,No,No,No,11/12/2015,11/12/2020,Autonoma
3035,C.F.T. CEITEC,2002,Centros de Formación Técnica,Rosa Godoy González,Gorbea N°1777,Santiago,Región Metropolitana,www.ceitec.cl,,NO ACREDITADA,,,,,,,,Autonoma
3036,C.F.T. ESC. DE ARTES APLICADAS OFICIOS DEL FUEGO,2002,Centros de Formación Técnica,Tamara Unda Escalona,Padre Diego de Rosales N°1635,Santiago,Región Metropolitana,www.enaa.cl,,NO ACREDITADA,,,,,,,,Autonoma
3041,C.F.T. PUCV,2004,Centros de Formación Técnica,Benito Barros Muñoz,General Cruz N  7,Valparaíso,Región de Valparaíso,www.cftpucv.cl,4,ACREDITADA,Si,Si,No,No,No,30/11/2017,30/11/2021,Autonoma
3042,C.F.T. ALPES,1983,Centros de Formación Técnica,Patricia Urzúa Davis,Avenida República 430,Santiago,Región Metropolitana,www.alpescft.cl,,NO ACREDITADA,,,,,,,,Autonoma
3043,C.F.T. BARROS ARANA,2003,Centros de Formación Técnica,Luis Pérez Candia,Barros Arana N  221,Concepción,Región del Bío-Bío,www.barrosarana.cl,,NO ACREDITADA,,,,,,,,Autonoma
3044,C.F.T. CENCO,1985,Centros de Formación Técnica,Luis Horacio Rojas Mansilla,Mac Iver 125, Piso 10,Santiago,Región Metropolitana,www.cftcenco.cl,,NO ACREDITADA,,,,,,,,Autonoma
3045,C.F.T. CENTRO DE ENS. ALTA COSTURA PAULINA DIARD,1982,Centros de Formación Técnica,Boris Pavelic Kirigin,Santo Domingo 1083, Piso 2,Santiago,Región Metropolitana,www.paulinadiard.cl,,NO ACREDITADA,,,,,,,,Supervisión
3049,C.F.T. DE LA INDUSTRIA GRÁFICA O C.F.T.  INGRAF,2003,Centros de Formación Técnica,Manuel Betancourt,Canada 253 C,Providencia,Región Metropolitana,www.cftingraf.cl,,NO ACREDITADA,,,,,,,,Autonoma
3050,C.F.T. DEL MEDIO AMBIENTE,1996,Centros de Formación Técnica,Rodrigo Cerda Candia,Compañía de Jesús 1447,Santiago,Región Metropolitana,www.idma.cl,3,ACREDITADA,Si,Si,No,No,No,23/07/2020,23/07/2023,Autonoma
3057,C.F.T. ICEL,1989,Centros de Formación Técnica,Vivien Petrinovich Rodríguez,Avenida Libertador Bernardo O'Higgins 2520,Santiago,Región Metropolitana,www.icel.cl,,NO ACREDITADA,,,,,,,,Autonoma
3058,C.F.T.  ICCE,1982,Centros de Formación Técnica,KATHERINE VALESKA RUZ TORRES,Ejercito Libertador 34 Santiago piso 2 y 3,Santiago,Región Metropolitana,www.icce.cl,,NO ACREDITADA,,,,,,,,Autonoma
3065,C.F.T. LOTA-ARAUCO,1998,Centros de Formación Técnica,Cristian Perez Vergara,Carlos Cousiño 184 Lota Alto,Lota,Región del Bío-Bío,www.cftlotarauco.cl,4,ACREDITADA,Si,Si,No,No,No,21/07/2019,21/07/2023,Autonoma
3067,C.F.T. SAN AGUSTÍN DE TALCA,1988,Centros de Formación Técnica,Sergio Patricio Morales Díaz,1 Norte 550 Edificio Cultural San Francisco Piso 3,Talca,Región del Maule,www.cftsanagustin.cl,5,ACREDITADA,Si,Si,No,No,No,11/12/2018,11/12/2023,Autonoma
3068,C.F.T. PROANDES,1989,Centros de Formación Técnica,Giovani Pinedo Arellano,Ejercito Libertador 133,Santiago,Región Metropolitana,www.esucomex.cl,,NO ACREDITADA,,,,,,,,Autonoma
3069,C.F.T. U. VALPO.,2003,Centros de Formación Técnica,Luis Enrique Villarroel Ganga,Cancha 70, Viña del Mar.,Viña del Mar,Región de Valparaíso,www.cft.uv.cl,,NO ACREDITADA,,,,,,,,Proceso Cierre
3073,C.F.T. ESANE DEL NORTE,1985,Centros de Formación Técnica,María Eugenia Lorca Rojas, Vicerrectora Académica,Manuel Antonio Matta 2052,Antofagasta,Región de Antofagasta,www.esanedelnorte.cl,,NO ACREDITADA,,,,,,,,Proceso Cierre
3078,C.F.T. LOS LAGOS,1983,Centros de Formación Técnica,Fernando Devaud Ojeda,Patricio Lynch 1346,Osorno,Región de Los Lagos,http://www.iploslagos.cl/,,NO ACREDITADA,,,,,,,,Autonoma
3082,C.F.T. LUIS ALBERTO VERA,1983,Centros de Formación Técnica,Juan Polo Osses,Los Ángeles Nº 251,Illapel,Región de Coquimbo,www.cftlavera.cl,,NO ACREDITADA,,,,,,,,Proceso Cierre
3087,C.F.T. PROTEC,2003,Centros de Formación Técnica,Marcelo Dillems Burlando,Pedro de Valdivia s/n, km.7 camino Temuco a Chol Chol, Temuco,Temuco,Región de La Araucanía,www.tecnologicoprotec.cl,,NO ACREDITADA,,,,,,,,Autonoma
3090,C.F.T. JUAN BOHON,1982,Centros de Formación Técnica,Gloria Margot Iturra Mardones,Avenida Balmaceda 2299,La Serena,Región de Coquimbo,www.juanbohon.cl,3,ACREDITADA,Si,Si,No,No,No,24/06/2015,24/06/2020,Autonoma
3091,C.F.T. DE TARAPACÁ,2003,Centros de Formación Técnica,FROILÁN ORTIZ ARAYA,Las Acacias N 2090,Arica,Región de Arica y Parinacota,www.cftuta.cl,3,ACREDITADA,Si,Si,No,No,No,05/12/2017,05/12/2020,Autonoma
3099,C.F.T. TEODORO WICKEL,2005,Centros de Formación Técnica,Jaime González Flores,Arturo Prat 321,Temuco,Región de La Araucanía,www.twk.cl,3,ACREDITADA,Si,Si,No,No,No,13/08/2017,13/08/2020,Autonoma
3100,C.F.T. ALFA,1985,Centros de Formación Técnica,RIGOBERTO AGUSTIN ESPINOZA ARIAS,BLANCO, 456,Constitución,Región del Maule,www.cftalfa.cl,,NO ACREDITADA,,,,,,,,Proceso Cierre
3109,C.F.T. INSTITUTO SUPERIOR ALEMÁN DE COMERCIO INSALCO,1982,Centros de Formación Técnica,Thomas Mittelstrass,Nuestra Señora del Rosario N° 1120,Vitacura,Región Metropolitana,www.insalco.cl,,NO ACREDITADA,,,,,,,,Licenciamiento
3110,C.F.T. MASSACHUSETTS,1983,Centros de Formación Técnica,Marisol Contardo Valdés,3 Sur  N. 1068,Talca,Región del Maule,www.cftmass.cl,,NO ACREDITADA,,,,,,,,Licenciamiento
3111,C.F.T. PRODATA,1985,Centros de Formación Técnica,Carlos Iván Aedo Morales,Manuel Baquedano 890,Osorno,Región de Los Lagos,www.cftprodata.cl,,NO ACREDITADA,,,,,,,,Autonoma
3112,C.F.T. PROFASOC,2006,Centros de Formación Técnica,Rossana Casciola Zedan,Pedro Lagos N 313,Río Bueno,Región de los Ríos,www.profasoc.cl,,NO ACREDITADA,,,,,,,,Autonoma
3118,C.F.T. MANPOWER,2007,Centros de Formación Técnica,Renato Bartet Zambrano,Estados Unidos 291,Santiago,Región Metropolitana,www.cftmanpower.cl,3,ACREDITADA,Si,Si,No,No,No,16/05/2018,16/05/2021,Autonoma
3121,C.F.T. ESCUELA CULINARIA FRANCESA,2009,Centros de Formación Técnica,Carmen Versluys Castro,Américo Vespucio Sur 930,Las Condes,Región Metropolitana,www.escuelaculinaria.cl,,NO ACREDITADA,,,,,,,,Autonoma
3123,C.F.T. ESTATAL DEL MAULE,2018,Centros de Formación Técnica,María Elena Villagrán Paredes,Calle Santa Lucinda S/N,Linares,Región del Maule,www.cftmaule.cl,,NO ACREDITADA,,,,,,,,Autonoma
3124,C.F.T. ESTATAL DE LA ARAUCANÍA,2017,Centros de Formación Técnica,Luis Alfredo Santibañez Torrejón,Manuel Matta 1055,Lautaro,Región de La Araucanía,www.cftaraucania.cl,,NO ACREDITADA,,,,,,,,Autonoma
3125,C.F.T. ESTATAL DE LOS LAGOS,2018,Centros de Formación Técnica,Carlos José Silva Ponce,Vicente Pérez Rosales 529,Llanquihue,Región de Los Lagos,www.aprendizajeeslibertad.cl,,NO ACREDITADA,,,,,,,,Autonoma
3126,C.F.T. ESTATAL DE COQUIMBO,2017,Centros de Formación Técnica,Manuel Farías,Vicuña Mackenna 448 – Of.211,Ovalle,Región de Coquimbo,www.cftregioncoquimbo.cl,,NO ACREDITADA,,,,,,,,Autonoma
3127,C.F.T. ESTATAL DE TARAPACÁ,2018,Centros de Formación Técnica,Jorge Villegas Ahumada,Juanita Fernández 3199, Alto Hospicio,Alto Hospicio,Región de Tarapacá,http://www.cftestataltarapaca.cl,,NO ACREDITADA,,,,,,,,Autonoma
3128,C.F.T. ESTATAL DE LOS RÍOS,2018,Centros de Formación Técnica,Ramón Rubio Donoso,Calle Comercio 238 La Unión , Chile,La Unión,Región de los Ríos,http://cftdelosrios.cl/,,NO ACREDITADA,,,,,,,,Autonoma
3129,C.F.T. ESTATAL DE VALPARAÍSO,2019,Centros de Formación Técnica,Rodrigo Jarufe Fuentes,Cancha 70,Viña del Mar,Región de Valparaíso,http://tecnologicovalparaiso.cl/,,NO ACREDITADA,,,,,,,,Autonoma
3130,C.F.T. ESTATAL  METROPOLITANO,2019,Centros de Formación Técnica,Gonzalo Valdés Lezana,Avenida Grecia 6083,Peñalolén,Región Metropolitana,,,NO ACREDITADA,,,,,,,,Autonoma
3131,C.F.T. ESTATAL DE MAGALLANES,2019,Centros de Formación Técnica,Christian Quezada Ruiz,Francisco Sampaio 580,Porvenir,Región de Magallanes,www.cftdemagallanes.cl,,NO ACREDITADA,,,,,,,,Autonoma
3133,C.F.T. ESTATAL DE ANTOFAGASTA,2019,Centros de Formación Técnica,Daniel Solís Igor,Bañados Espinoza 1854,Calama,Región de Antofagasta,www.cftestatalantofagasta.cl,,NO ACREDITADA,,,,,,,,Autonoma
